Company,Website URL
Omron,https://omron.com
Nuro,https://www.nuro.ai
Nexaro,https://nexaro.com
Physical AI Startup Atoms,https://news.crunchbase.com
Unitree Robotics,https://unitree.com
Magnetic Grippers,https://magneticgrippers.com
Toyota Automated Logistics,https://bastiansolutions.com
Formic Technologies,https://formic.co
Wolf Robotics,https://wolfrobotics.com
Fdata Robot,https://www.fdatabot.com
Robot Restaurant Group,https://robotrestaurantgroup.com
Unitree Robotics,https://www.unitree.com
Service Robot Co.,https://servicerobotco.com/
Cleanfix Robotics,https://cleanfix-robotics.com
StudioRed,https://www.studiored.com
Exotec,https://www.exotec.com
The complete littleBits library of STEAM and Coding lessons,https://littlebits.com
Geek+,https://www.geekplus.com
AI Kitchen Automation Platform,https://misorobotics.com
DENSO Robotics,https://densorobotics.com
Top 10 Educational Robots Companies | Learning Made Easy,https://scoop.market.us
"HOKUYO AUTOMATIC CO., LTD.",https://hokuyo-aut.jp
Realbotix,https://realbotix.com
Figure,https://www.figure.ai
Open Hardware Observatory,https://en.oho.wiki
DuMux,https://git.iws.uni-stuttgart.de
Simbe Robotics,https://www.simberobotics.com
Yamaha Corporation,https://yamaha.com
Knightscope,https://knightscope.com
Richtech Robotics,https://richtechrobotics.com
Macco Robotics,https://www.maccorobotics.com
White Box Robotics,https://whiteboxrobotics.com
Doosan Robotics AI Powered Solutions,https://doosanrobotics.com
Sedona Technology LLC,https://sedonatec.com
Roborock,https://roborock.com
Precisionhawk,https://precisionhawk.com
MotorTrend,https://www.motortrend.com
Vecna Robotics,https://www.vecnarobotics.com
Skydio,https://skydio.com
Epson,https://corporate.epson
MURATEC,https://muratec.net
Robot Innovations Inc.,https://robostore.com
"Autonomous Lift Trucks & Robots (AGV",https://balyo.com
Tetra Tech,https://tetratech.com
SuperDroid Robots,https://superdroidrobots.com
OnRobot,https://onrobot.com
Quantum Systems,https://quantum-systems.com
Business Insider,https://www.businessinsider.com
Kinova,https://kinovarobotics.com
Serve Robotics Builds 2000 Autonomous Delivery ...,https://investors.serverobotics.com
Tortoise (sidewalk),https://tortoise.dev
Fundraise Insider,https://fundraiseinsider.com
Aubo Robotics,https://aubo-cobot.com
Robots of London,https://robotsoflondon.co.uk
Intellibot Robotics,https://intellibotrobotics.com
Hanson Robotics,https://hansonrobotics.com
Yaskawa Motoman Robotics,https://motoman.com
RobotLAB,https://www.robotlab.com
Estun Automation,https://estun.com
ispace,https://ispace-inc.com
Engineered Arts,https://engineeredarts.co.uk
Clearpath Robotics,https://clearpathrobotics.com
BotEyes,https://boteyes.com
Fanuc,https://fanuc.com
Jorgensen Engineering,https://jorgensen.dk
RAD Security,https://radsecurity.com
Deep Robotics,https://www.deeprobotics.cn
UBTECH Robotics,https://www.ubtrobot.com
Diligent Robotics,https://www.diligentrobots.com
NATUR'ADAPT,https://naturadapt.com
New Test Company,testcompany.com
Avidbots,https://avidbots.com
Pickle Robot,https://picklerobot.com
Zipline,https://flyzipline.com
Blue River Technology,https://bluerivertechnology.com
Acme Robots,https://acme.com
Formant,https://formant.io
Standard Bots,https://standardbots.com
Horizon Robotics,https://horizon.cc
Neura Robotics,https://neura-robotics.com
Omega Bots,https://omegabots.com
IFR International Federation of Robotics,https://ifr.org
Robots and AI / Technology Themed Event Entertainment | Alive Network,https://www.alivenetwork.com
Humanoid Robots in Manufacturing: The Next Frontier in Industrial ...,https://ifactoryapp.com
Alpha Robotics Alice Reception Robot,https://www.unboxindustry.com
Market Research Future,https://www.marketresearchfuture.com
SkyPorts Infrastructure,https://skyports.net
Autoguide,https://autoguide.com
Wandelbots,https://wandelbots.com
Rethink Robotics,https://rethinkrobotics.com
Aerobotics,https://aerobotics.com
Neon Neue Energieökonomik,https://neon.energy
Machina Labs,https://machinalabs.ai
Event 38,https://event38.com
LocoRobo,https://locorobo.co
Hush Security,https://www.crunchbase.com
RightHand Robotics™,https://righthandrobotics.com
Willow Garage,https://willowgarage.com
Deltares Community Portal,https://oss.deltares.nl
NEUROSPACE,https://neuro-space.de
Policymakers Should Make Room for Sidewalk Delivery Robots,https://www.govtech.com
BD ROWA,https://rowa.de
ジェトロ,https://www.jetro.go.jp
BionicHive,https://bionichive.com
Modular Robotics,https://modrobotics.com
Sastra Robotics India Pvt Ltd,https://sastrarobotics.com
